gene	region	pypgx	stargazer	aldy	stellarpgx	optitype	mutserve	vcf_check	pypgx_sv	stargazer_sv	stargazer_control
CYP1A1	chr15:74716541-74728528	1	1	1	1	0	0	0	0	0	vdr
CYP1A2	chr15:74745844-74759607	1	1	1	1	0	0	0	0	0	vdr
CYP2A6	chr19:40833540-40890447	1	1	1	1	0	0	0	1	1	vdr
CYP2B6	chr19:40921281-41028398	1	1	1	1	0	0	0	1	1	vdr
CYP2C8	chr10:95033771-95072497	1	1	1	1	0	0	0	0	0	vdr
CYP2C9	chr10:94935657-94993091	1	1	1	1	0	0	0	0	0	vdr
CYP2C19	chr10:94759680-94858547	1	1	1	1	0	0	0	0	0	vdr
CYP2D6	chr22:42116498-42155810	1	1	1	1	0	0	0	1	1	vdr
CYP2E1	chr10:133517362-133549123	1	1	1	1	0	0	0	1	0	vdr
CYP3A4	chr7:99753966-99787184	1	1	1	1	0	0	0	0	0	vdr
CYP3A5	chr7:99645193-99682996	1	1	1	1	0	0	0	0	0	vdr
CYP4F2	chr19:15863022-15913074	1	1	1	1	0	0	0	1	0	vdr
DPYD	chr1:97074742-97924034	1	1	1	0	0	0	0	0	0	vdr
G6PD	chrX:154528389-154550018	1	1	1	0	0	0	1	1	0	vdr
GSTM1	chr1:109684816-109696745	1	1	1	1	0	0	0	1	0	vdr
GSTT1	ALT_CONTIG	1	0	0	1	0	0	0	1	0	-
IFNL3	chr19:39240552-39253525	1	1	1	0	0	0	0	0	0	vdr
NAT1	chr8:18207108-18226689	1	1	1	1	0	0	0	0	0	vdr
NAT2	chr8:18388281-18404218	1	1	1	1	0	0	0	0	0	vdr
NUDT15	chr13:48034725-48050221	1	1	1	1	0	0	0	0	0	vdr
POR	chr7:75912154-75989855	1	1	0	1	0	0	0	0	0	vdr
CYPOR	chr7:75912154-75989855	1	1	0	1	0	0	0	0	0	-
RYR1	chr19:38430690-38590564	1	1	1	0	0	0	1	0	0	vdr
SLCO1B1	chr12:21128193-21242796	1	1	1	1	0	0	0	0	0	vdr
TPMT	chr6:18125310-18158169	1	1	1	1	0	0	0	0	0	vdr
UGT1A1	chr2:233754269-233779300	1	1	1	1	0	0	1	0	0	vdr
VKORC1	chr16:31087853-31097797	1	1	1	0	0	0	0	0	0	vdr
ABCG2	chr4:88085265-88236626	0	0	1	0	0	0	0	0	0	-
HLA-A	chr6:28510020-33480577	0	0	0	0	1	0	0	0	0	-
HLA-B	chr6:28510020-33480577	0	0	0	0	1	0	0	0	0	-
CACNA1S	chr1:201006956-201095000	1	0	0	1	0	0	1	0	0	-
MT-RNR1	chrM:648-1601	0	0	0	0	0	1	0	0	0	-
